Team,ELO
T1,1821.9884749295686
Gen.G,1731.8406234618856
Dplus Kia,1589.9198905570365
Kwangdong Freecs,1588.1095479788091
OKSavingsBank BRION,1574.7946991154884
DRX,1505.876845869595
kt Rolster,1488.7419187031117
NongShim REDFORCE,1328.493237797433
Liiv SANDBOX,1213.8552917968532
Hanwha Life Esports,1156.3794697902197
